"","CD40L&CD107a&IFNg&IL2&IL4&!IL10&!IL17&TNF","CD40L&CD107a&IFNg&IL2&!IL4&IL10&IL17&TNF","CD40L&CD107a&IFNg&IL2&!IL4&IL10&!IL17&TNF","CD40L&CD107a&IFNg&IL2&!IL4&!IL10&IL17&TNF","CD40L&CD107a&IFNg&IL2&!IL4&!IL10&IL17&!TNF","CD40L&CD107a&IFNg&IL2&!IL4&!IL10&!IL17&TNF","CD40L&CD107a&IFNg&IL2&!IL4&!IL10&!IL17&!TNF","CD40L&CD107a&IFNg&!IL2&IL4&!IL10&!IL17&TNF","CD40L&CD107a&IFNg&!IL2&!IL4&IL10&IL17&TNF","CD40L&CD107a&IFNg&!IL2&!IL4&IL10&!IL17&TNF","CD40L&CD107a&IFNg&!IL2&!IL4&IL10&!IL17&!TNF","CD40L&CD107a&IFNg&!IL2&!IL4&!IL10&IL17&TNF","CD40L&CD107a&IFNg&!IL2&!IL4&!IL10&IL17&!TNF","CD40L&CD107a&IFNg&!IL2&!IL4&!IL10&!IL17&TNF","CD40L&CD107a&IFNg&!IL2&!IL4&!IL10&!IL17&!TNF","CD40L&CD107a&!IFNg&IL2&!IL4&IL10&!IL17&TNF","CD40L&CD107a&!IFNg&IL2&!IL4&!IL10&IL17&TNF","CD40L&CD107a&!IFNg&IL2&!IL4&!IL10&!IL17&TNF","CD40L&CD107a&!IFNg&IL2&!IL4&!IL10&!IL17&!TNF","CD40L&CD107a&!IFNg&!IL2&!IL4&IL10&!IL17&TNF","CD40L&CD107a&!IFNg&!IL2&!IL4&!IL10&IL17&TNF","CD40L&CD107a&!IFNg&!IL2&!IL4&!IL10&IL17&!TNF","CD40L&CD107a&!IFNg&!IL2&!IL4&!IL10&!IL17&TNF","CD40L&CD107a&!IFNg&!IL2&!IL4&!IL10&!IL17&!TNF","CD40L&!CD107a&IFNg&IL2&IL4&!IL10&!IL17&TNF","CD40L&!CD107a&IFNg&IL2&!IL4&IL10&!IL17&TNF","CD40L&!CD107a&IFNg&IL2&!IL4&!IL10&IL17&TNF","CD40L&!CD107a&IFNg&IL2&!IL4&!IL10&!IL17&TNF","CD40L&!CD107a&IFNg&IL2&!IL4&!IL10&!IL17&!TNF","CD40L&!CD107a&IFNg&!IL2&IL4&!IL10&!IL17&TNF","CD40L&!CD107a&IFNg&!IL2&!IL4&IL10&!IL17&TNF","CD40L&!CD107a&IFNg&!IL2&!IL4&IL10&!IL17&!TNF","CD40L&!CD107a&IFNg&!IL2&!IL4&!IL10&IL17&TNF","CD40L&!CD107a&IFNg&!IL2&!IL4&!IL10&IL17&!TNF","CD40L&!CD107a&IFNg&!IL2&!IL4&!IL10&!IL17&TNF","CD40L&!CD107a&IFNg&!IL2&!IL4&!IL10&!IL17&!TNF","CD40L&!CD107a&!IFNg&IL2&IL4&!IL10&!IL17&TNF","CD40L&!CD107a&!IFNg&IL2&IL4&!IL10&!IL17&!TNF","CD40L&!CD107a&!IFNg&IL2&!IL4&IL10&IL17&TNF","CD40L&!CD107a&!IFNg&IL2&!IL4&IL10&!IL17&TNF","CD40L&!CD107a&!IFNg&IL2&!IL4&IL10&!IL17&!TNF","CD40L&!CD107a&!IFNg&IL2&!IL4&!IL10&IL17&TNF","CD40L&!CD107a&!IFNg&IL2&!IL4&!IL10&IL17&!TNF","CD40L&!CD107a&!IFNg&IL2&!IL4&!IL10&!IL17&TNF","CD40L&!CD107a&!IFNg&IL2&!IL4&!IL10&!IL17&!TNF","CD40L&!CD107a&!IFNg&!IL2&IL4&!IL10&!IL17&TNF","CD40L&!CD107a&!IFNg&!IL2&IL4&!IL10&!IL17&!TNF","CD40L&!CD107a&!IFNg&!IL2&!IL4&IL10&IL17&TNF","CD40L&!CD107a&!IFNg&!IL2&!IL4&IL10&!IL17&TNF","CD40L&!CD107a&!IFNg&!IL2&!IL4&IL10&!IL17&!TNF","CD40L&!CD107a&!IFNg&!IL2&!IL4&!IL10&IL17&TNF","CD40L&!CD107a&!IFNg&!IL2&!IL4&!IL10&IL17&!TNF","CD40L&!CD107a&!IFNg&!IL2&!IL4&!IL10&!IL17&TNF","CD40L&!CD107a&!IFNg&!IL2&!IL4&!IL10&!IL17&!TNF","!CD40L&CD107a&IFNg&IL2&!IL4&!IL10&IL17&TNF","!CD40L&CD107a&IFNg&IL2&!IL4&!IL10&!IL17&TNF","!CD40L&CD107a&IFNg&!IL2&!IL4&IL10&!IL17&TNF","!CD40L&CD107a&IFNg&!IL2&!IL4&IL10&!IL17&!TNF","!CD40L&CD107a&IFNg&!IL2&!IL4&!IL10&IL17&TNF","!CD40L&CD107a&IFNg&!IL2&!IL4&!IL10&!IL17&TNF","!CD40L&CD107a&IFNg&!IL2&!IL4&!IL10&!IL17&!TNF","!CD40L&CD107a&!IFNg&IL2&!IL4&!IL10&!IL17&TNF","!CD40L&CD107a&!IFNg&!IL2&!IL4&IL10&!IL17&!TNF","!CD40L&CD107a&!IFNg&!IL2&!IL4&!IL10&!IL17&TNF","!CD40L&!CD107a&IFNg&IL2&!IL4&!IL10&!IL17&TNF","!CD40L&!CD107a&IFNg&IL2&!IL4&!IL10&!IL17&!TNF","!CD40L&!CD107a&IFNg&!IL2&!IL4&IL10&!IL17&TNF","!CD40L&!CD107a&IFNg&!IL2&!IL4&IL10&!IL17&!TNF","!CD40L&!CD107a&IFNg&!IL2&!IL4&!IL10&!IL17&TNF","!CD40L&!CD107a&IFNg&!IL2&!IL4&!IL10&!IL17&!TNF","!CD40L&!CD107a&!IFNg&IL2&!IL4&IL10&!IL17&TNF","!CD40L&!CD107a&!IFNg&IL2&!IL4&!IL10&IL17&TNF","!CD40L&!CD107a&!IFNg&IL2&!IL4&!IL10&!IL17&TNF","!CD40L&!CD107a&!IFNg&!IL2&!IL4&IL10&!IL17&TNF","!CD40L&!CD107a&!IFNg&!IL2&!IL4&IL10&!IL17&!TNF","!CD40L&!CD107a&!IFNg&!IL2&!IL4&!IL10&IL17&TNF","!CD40L&!CD107a&!IFNg&!IL2&!IL4&!IL10&IL17&!TNF","!CD40L&!CD107a&!IFNg&!IL2&!IL4&!IL10&!IL17&TNF","!CD40L&!CD107a&!IFNg&!IL2&!IL4&!IL10&!IL17&!TNF"
"C_CC001_53",0.019,0,0.05,0.32,0,5.23,0.019,0.025,0.012,0.08,0,0.32,0,9.42,0.08054,0,0.05,0.2,0.00619,0,0.031,0.012,0.95,0.331,0.019,0.019,0.043,2.17,0.074,0.019,0.05,0.012,0.074,0.012,9.507,0.727,0.025,0.012,0,0.025,0.00619,0.12,0.068,2.32,0.381,0,0.019,0.00619,0.056,0.03054,0.12,0.20354,14.187,11.27,0,0.05,0,0,0.00619,0.3,0.012,0.012,0.01254,0.154,0.08,0.025,0.00619,0.00619,0.901,0.342,0,0.012,0.22,0.031,0.06,0.03054,0,4.43,0
"R_CC009J_61",0.02,0,0.039,0.02,0,0.76,0,0.02,0,0.02,0.02,0.02,0,1.56,0.039,0.02,0.039,0.25,0.039,0,0,0.02,0.29,0.194,0,0.039,0,1.03,0.039,0.039,0.039,0.02,0,0,0.994,0.124,0,0,0.02,0.059,0.039,0.18,0,12.7,1.07,0,0,0,0.059,0.098,0.039,0.039,14.4,10.99,0,0,0.039,0.02,0,0.039,0,0.02,0,0.02,0.02,0,0,0,0.334,0.062,0,0.02,0.9,0.02,0.401,0.02,0,4.751,0
"R_CC024J_77",0.016,0,0.016,0.064,0,0.65,0.016,0,0,0.016,0,0.048,0,0.52,0.016,0,0.301,0.79,0.048,0,0.032,0.064,0.59,0.43,0.016,0,0.115,0.365,0.016,0,0,0,0.016,0,0.395,0.048,0.032,0,0.064,0.13,0.032,5.905,0.635,9.635,1.38,0.032,0.016,0.017,0.032,0.064,1.291,1.56,15.5,11.98,0,0,0,0,0,0,0.032,0.048,0.001,0.064,0.032,0,0,0,0.032,0,0,0.22,0.71,0.049,0.24,0.27,1.91,2.25,0
"C_CC059_85",0.034,0,0.04,0.26,0.00306,4.22,0.024,0.015,0.00611,0.1,0.00611,0.55,0,16.986,0.12,0,0.018,0.19,0.00611,0.00611,0.034,0.00917,0.96,0.34,0.00306,0.015,0.00917,0.87656,0.01156,0.00267,0.049,0.00917,0.034,0.00917,8.409,0.536,0,0,0,0.012,0.00917,0.14,0.01156,2.64,0.463,0.015,0.00611,0,0.027,0.02756,0.092,0.09112,11.555,9.73,0,0.082,0.015,0,0.01156,0.71,0.03312,0.00917,0.00611,0.13656,0.03356,0.00573,0.015,0.00306,0.956,0.345,0.00306,0.00917,0.27656,0.021,0.092,0.03912,0,3.47,0
"C_CC011J_93",0.00973,0.058,0.18,0.8,0,2.78,0.00973,0.019,0.068,0.42,0.00973,1.16,0.00973,10.09186,0.17,0.00973,0.55,0.6,0.00973,0.029,0.32,0.00973,1.74,0.51186,0,0.068,0.078,0.24,0.00973,0.00973,0.088,0.019,0.26,0,3.31,0.374,0,0.00973,0.029,0.12,0.039,0.61,0.049,3.14,0.34186,0.00973,0.019,0.00973,0.16,0.136,0.79,0.39,17.49186,10.11,0.00973,0.029,0,0,0.019,0.5,0.039,0.019,0.005,0.15,0.00973,0.00973,0,0.029,0.5,0.176,0.00973,0,0.19,0.13,0,0.097,0,3.779,0
"C_B6_101",0,0.071,0.45,2.71,0.4,11.6,0.33,0,0.12,0.52,0,2.8,0.12,18.4,0.309,0,0.19,0.47,0,0.024,0.26,0.024,1.51,0.239,0.024,0.071,0.024,1.95,0.024,0,0.21,0,0.12,0,6.19,0.69,0,0,0.024,0.024,0,0.071,0.047,1.88,0.244,0,0,0,0.094,0.096,0.21,0.139,8.496,5.04,0.16,0.35,0.024,0.024,0.16,0.96,0.16,0,0.003,0.237,0.094,0.024,0,0.024,0.707,0,0.024,0,0.28,0.31,0,0,0,4.26,0
"C_CC001_54",0.013,0,0.027,0.07,0.00331,2.44,0.023,0.00994,0,0.05,0,0.17,0.02,11.49628,0.22628,0.00331,0.00663,0.056,0.013,0.00663,0.02,0,1.35,0.724,0,0.013,0.00663,1.25256,0.066,0,0.083,0.013,0.12,0.00331,11.785,1.131,0,0,0,0.017,0.00331,0.033,0.00663,1.13,0.248,0,0.00994,0.00663,0.02,0.04928,0.083,0.13628,12.07,12.13,0,0.02628,0.00331,0,0.00331,0.41628,0.03928,0.00331,0.002,0.14256,0.073,0.00663,0.00663,0.017,1.27628,0.378,0.00663,0.00994,0.12,0.013,0.07,0.014,0,3.95,0
"R_CC009J_62",0,0,0.011,0.011,0,1.11,0.011,0,0,0.046,0.011,0.023,0,1.2,0.011,0,0.034,0.22,0.08,0,0.023,0,0.24,0.17082,0,0.034,0.023,0.86,0.011,0.011,0.046,0,0,0,1.64,0.22,0,0.011,0.011,0.11,0.011,0.15,0.023,11.3,1.6,0,0,0.011,0.08,0.011,0.069,0.09082,13.3,12.78,0,0.023,0.011,0,0,0.023,0,0.011,0,0.03682,0.011,0,0,0,0.16082,0.04782,0,0,0.60082,0.057,0.417,0.046,0,2.93,0
"R_CC018J_70",0.022,0,0.011,0.011,0,1.28,0.056,0.00557,0,0.26,0.028,0.022,0.00557,4.73,0.34432,0.00557,0.00557,0.32,0.13,0.022,0.00557,0,0.81,1.087,0.00557,0.022,0.011,0.72,0.056,0,0.33,0.05,0.022,0.00557,2.96432,0.44432,0.033,0.056,0.00557,0.039,0.028,0.05,0.017,3.06,1.25432,0.011,0.028,0,0.089,0.067,0.061,0.12432,10.59432,12.48,0,0.017,0.028,0.011,0,0.14,0.028,0.028,0.067,0.20432,0.039,0,0.03332,0.011,0.159,0.107,0.00557,0.017,0.48,0.039,0.39,0.005,0,3.76,0
"R_CC039_78",0.037,0,0.11,0,0,0.89,0,0.037,0,0.3,0,0.22,0,5.632,0.3,0,0,0,0,0,0,0,0.26,0.151,0,0.11,0,1.08,0.037,0,0.37,0.074,0.11,0,7.79,1.48,0,0,0,0.037,0,0.037,0,0.26,0.11,0,0,0.037,0.15,0.11,0.151,0.15,3.15,2.78,0,0,0.037,0.037,0,0.48,0.037,0,0.03,0.22,0,0,0.111,0.26,2.51,0.73,0,0,0,0.181,0.34,0,0.37,2.85,0
"C_CC059_86",0.034,0,0.095,0.25,0,6.51244,0.02,0.02,0,0.14,0.0068,0.36,0.0068,17.37,0.25,0,0.014,0.11244,0.02,0,0,0,0.31,0.16,0,0.0068,0.014,1.41,0.068,0.027,0.027,0.014,0.06044,0,9.62,0.579,0,0,0,0,0.0068,0.027,0,0.7,0.27,0.0068,0.014,0,0.0068,0.014,0.048,0.04644,5.1,8.74,0,0.14,0.027,0.0068,0.02,1.905,0.105,0,0.0068,0.23,0.09244,0.01944,0.01244,0.02,3.15,0.55,0.0068,0,0.105,0.014,0.092,0,0,1.17,0
"C_CC011J_94",0.031,0.019,0.12,0.5,0,2.93,0,0.037,0.019,0.31,0.019,0.64,0.0062,10.1,0.29,0,0.16,0.3,0.031,0.043,0.074,0.00585,0.87,0.432,0,0.012,0.24,0.65,0.0062,0.012,0.11,0,0.37,0.031,4.278,0.58,0.012,0.012,0.0062,0.068,0.025,0.44,0.087,2.7,0.41385,0,0.012,0.012,0.074,0.098,0.40385,0.36385,12.382,9.89,0,0.019,0.012,0,0.031,0.54,0.08685,0.0062,0,0.162,0.031,0,0.031,0.03085,0.79385,0.23,0.0062,0.0062,0.25385,0.025,0,0.056,0,2.61,0
"C_B6_102",0,0,0.056,0.67,0.028,4.15,0.084,0,0.056,0.11,0,1.4,0,13,0.25,0,0.11,0.36,0.028,0,0.25,0,1.12,0.5,0,0.056,0,0.7,0.056,0,0.028,0.028,0.084,0.028,4.23,0.734,0.028,0,0,0.056,0,0.2,0,3.73,0.84,0,0,0.056,0.056,0,0.033,0.2,12.1,11.41,0,0.11,0,0,0.028,0.5,0.028,0,0.005,0.2,0.028,0.028,0,0.005,0.42,0.18,0,0,0.17,0.056,0.667,0.005,0,3.01,0
"C_CC001_55",0.017,0.00336,0.054,0.22,0.00672,4.17,0.01,0.00336,0.00336,0.17,0.00672,0.29,0.00336,10.5,0.17,0.00336,0.02,0.15,0.01,0.00672,0.02,0.01,1.28,0.515,0.00336,0.013,0.027,1.75,0.037,0,0.057,0.00672,0.064,0.01,7.55629,0.379,0,0.00336,0,0.04,0.01,0.12,0.013,4.21,0.655,0.00672,0.00672,0.00336,0.044,0.03258,0.14,0.10629,16.385,13.21,0,0.04,0.00336,0,0,0.30629,0.006,0.00336,0,0.158,0.064,0.01,0.00336,0.00336,0.71258,0.17,0.00336,0,0.25629,0.04329,0,0,0,3.83,0
"R_CC009J_63",0,0,0.022,0,0,0.63124,0,0.022,0,0.033,0.011,0.022,0.011,2.992,0.23,0,0.022,0.2,0.022,0.044,0.022,0,0.42,0.49,0.011,0.011,0,0.58,0.055,0,0.044,0,0.044,0,4.645,0.54124,0.011,0,0.011,0.066,0,0.23,0.055,6.81,1.36,0.011,0,0,0.04624,0.066,0.055,0.17,11.99124,16.6,0,0.022,0,0.033,0,0.152,0.071,0,0.007,0.071,0.044,0,0.022,0.011,0.392,0.195,0,0.022,0.562,0.026,0.26,0.00899999999999999,0,2.44,0
"R_CC018J_71",0,0,0.081,0.014,0,1.1,0.033,0.00952,0.00476,0.26,0.033,0.029,0.00476,3.59073,0.32,0,0.019,0.16,0.07136,0.024,0.00476,0.00952,0.65,1.011,0.00476,0.038,0.00476,0.58,0.038,0,0.26,0.062,0.014,0.00476,2.03,0.386,0.038,0.1,0.00952,0.029,0.043,0.12,0.024,3.05,1.33073,0.019,0.038,0.00476,0.057,0.12,0.14,0.19073,11.79073,15.16,0,0.024,0.014,0.024,0,0.2,0.09073,0.014,0.053,0.181,0.043,0,0.048,0.02436,0.2,0.135,0.00952,0.00476,0.47,0.03836,0.43,0.04336,0,3.86,0
"R_CC039_79",0,0,0,0,0,0.21,0,0,0,0.21,0.03,0.18,0.06,4.305,0.27,0,0,0,0,0,0,0.03,0.21,0.33,0,0.03,0,0.3,0,0,0.3,0.12,0.03,0.03,7.33,2.52,0,0,0,0,0,0.03,0,0.148,0.03,0,0,0,0.06,0.18,0.09,0.088,2.765,3.02,0,0,0.028,0,0,0.42,0.27,0,0.03,0.148,0.06,0,0.028,0.18,2.72,2.03,0.03,0,0,0.09,0.89,0.09,0.11,2.39,0
"C_CC059_87",0.027,0.011,0.049,0.32,0,5.14426,0.016,0.016,0.011,0.12,0.00539,0.47,0,14,0.086,0,0.043,0.43,0.00539,0.00539,0.07,0.022,1.07,0.25426,0.00539,0.00539,0.011,0.8,0.049,0,0.054,0.00539,0.049,0,5.196,0.177,0.027,0,0.00539,0.07,0.011,0.11,0.00539,5.28,0.733,0.011,0.00539,0.011,0.016,0.03726,0.22,0.063,14.76,9.51,0.00539,0.04826,0.016,0,0.00539,0.28,0.049,0.022,0.022,0.093,0.016,0.00539,0.00539,0,0.433,0.133,0.022,0.016,0.479,0.016,0.13,0,0,4.09,0
"R_PWK_95",0.23,0,0.15,0.36,0,2.85,0.038,0.17,0.019,0.47,0.038,0.11,0,4.668,0.21,0,0.056,0.84,0.094,0.038,0.019,0.019,0.39,0.49,0,0.038,0.038,0.58,0.056,0.038,0.075,0.019,0.094,0,2.468,0.857,0.038,0,0,0.056,0,0.038,0.13,10.1,4.2,0,0,0,0.038,0.088,0.038,0.108,8.078,14.55,0.019,0.075,0.13,0.019,0,0.53,0.128,0.075,0.088,0.13,0.038,0,0.094,0.019,0.595,0.36,0,0.038,0.988,0.13,0.47,0,0,2.39,0
"C_B6_103",0.015,0.03,0.03,0.52,0,6.34,0.045,0.045,0,0.12,0.015,0.73,0.015,13.1,0.226,0,0.045,0.35,0.061,0,0.015,0,0.74,0.246,0,0,0,1.29,0.14,0,0.091,0.015,0,0,5.721,0.793,0,0.015,0,0,0.03,0.061,0.015,3.18,0.73,0,0,0,0.045,0.015,0.11,0.062,12.286,11.77,0.015,0.21,0,0,0.03,0.61,0.031,0.015,0.016,0.127,0.03,0,0.03,0.015,0.436,0.214,0,0,0.39,0.031,0.48,0,0,2.09,0
"C_CC001_56",0.00878,0,0.035,0.26,0.00878,3.97,0.026,0.018,0.026,0.10122,0.018,0.49,0,9.99122,0.18,0,0.035,0.15,0.00878,0.018,0.035,0,1,0.452,0,0.026,0.044,1.84,0.044,0,0.053,0.00878,0.18,0,8.612,0.67122,0,0.00878,0,0.035,0.035,0.17,0.035,3.62,0.33122,0,0.00878,0,0.11,0.05222,0.13,0.20122,15.965,10.65,0,0.053,0.00878,0,0.018,0.27,0,0.018,0.026,0.13,0.13,0.00878,0,0.00878,0.712,0.235,0.00878,0.018,0.3,0.07,0,0.052,0,4.55,0
"R_CC009J_64",0.025,0,0.037,0.012,0,0.57,0.025,0,0,0.087,0.012,0.037,0,1.77,0.062,0,0.075,0.17,0,0.012,0.012,0.012,0.26,0.18164,0.012,0.037,0.012,0.65,0.025,0,0.062,0,0.025,0.012,2.123,0.16164,0.012,0,0.012,0.062,0,0.29,0.037,9.293,0.95164,0.012,0,0,0.16,0.05,0.29,0.11,15.7,11.85,0,0.012,0.012,0,0,0.06664,0,0.037,0.062,0.09064,0.012,0,0,0.012,0.22,0.033,0.012,0.037,0.73,0.05,0.62,0.04164,0,5.11,0
"R_CC024J_72",0.012,0,0.06,0.06,0,1.72,0,0.012,0,0.072,0,0.072,0,3.1,0.012,0,0.012,0.22,0.036,0.012,0.036,0.036,0.51,0.479,0,0.012,0,1.27,0.06,0,0.072,0,0.024,0.024,3.91,0.209,0.024,0,0,0.06,0.048,0.36,0.072,2.56,0.52,0.036,0.001,0,0.048,0.096,0.19,0.085,12.889,13.06,0,0.024,0,0,0,0.17,0.025,0.012,0.06,0.158,0.048,0,0.012,0,0.38,0.047,0,0,0.25,0,0.25,0.036,0,4.46,0
"R_CC039_80",0.023,0,0,0.046,0,0.6,0,0,0,0.069,0.046,0.069,0,4.21,0.12,0,0,0.023,0,0,0.023,0.023,0.39,0.249,0,0,0,0.6,0.023,0,0.093,0.023,0.069,0,7.292,1.046,0,0,0,0,0,0,0,0.299,0.16,0,0.046,0,0.069,0.12,0.069,0.23,3.96,3.06,0.023,0,0.023,0,0,0.646,0.045,0,0.023,0.349,0.046,0.023,0.023,0.069,3.31,1.01,0,0,0.023,0.16,0.93,0.046,0.04,4.95,0
"C_CC059_88",0.00817,0.016,0.09,0.33,0,5.68,0.025,0.00817,0.00817,0.13,0,0.65,0.00817,20.076,0.12216,0,0.16,0.38,0.016,0,0.025,0,1.16216,0.30216,0,0.025,0,0.71,0.05716,0,0.025,0,0.016,0,5.827,0.324,0.016,0,0.00817,0.00817,0.00817,0.24,0.00817,4.06,0.544,0,0.016,0,0.016,0.016,0.11,0.057,13.853,9.06,0.00817,0.11,0.00817,0,0.016,0.71,0.04916,0,0,0.16,0.025,0.00817,0,0,0.732,0.14,0,0,0.22,0.00817,0.041,0.002,0,3.04,0
"R_PWK_96",0.12,0.027,0.22,0.41,0,3.79,0.041,0.095,0.02,0.39,0.041,0.41,0,4.48,0.31,0.027,0.047,0.62,0.16,0.00677,0.027,0,0.35,0.46,0.027,0.041,0.061,1.06,0.14,0.061,0.095,0.027,0.061,0.02,1.65,0.65,0,0.014,0,0.12,0.068,0.22,0.088,8.8,4.23,0.00677,0.011,0,0.054,0.12,0.14,0.21,7.91,15.91,0.02,0.14,0.074,0.014,0.02,0.43,0.09,0.034,0.088,0.15,0.1,0.047,0.054,0.034,0.46,0.27,0.027,0.027,1.18,0.074,0.45,0.024,0,3.06,0
"C_B6_104",0.04,0.02,0.02,0.46,0,6.48,0.1,0.02,0.01,0.091,0,0.66,0.01,13.48,0.4,0,0.03,0.23,0.02,0,0.02,0.01,0.75,0.51,0,0.05,0.02,1.49,0.12,0.01,0.091,0.02,0.06,0,6.86,1.8,0,0,0,0,0,0.12,0.02,2.64,0.63,0,0,0,0.02,0.081,0.05,0.05,11.64,11.32,0,0.14,0.01,0,0.01,0.48,0.03,0,0,0.08,0.13,0.03,0.01,0.01,0.69,0.43,0.01,0,0.16,0.02,0.23,0.03,0,3.33,0
"C_CC001_57",0.034,0.019,0.077,0.28,0,3.82,0.014,0.014,0.00959,0.12,0.0048,0.26,0.0048,8.11,0.21475,0.0048,0.077,0.25,0.024,0.0048,0.034,0.014,0.99,0.43475,0,0.019,0.053,2.03475,0.029,0.0048,0.072,0.00959,0.09475,0.00959,7.494,0.704,0.00959,0.019,0.0048,0.067,0.0048,0.47,0.11,4.26,0.893,0.00959,0.033,0.014,0.04775,0.11475,0.24,0.369,14.084,13.09,0,0.053,0,0,0,0.21475,0.019,0.0048,0.038,0.089,0.05275,0.014,0.00959,0,0.5,0.224,0,0.01875,0.22,0.024,0.18,0.07675,0,3.25,0
"R_CC009J_65",0.013,0,0,0,0,0.43,0,0,0,0.013,0,0,0,0.36,0.026,0,0,0.12,0.013,0,0,0,0.2,0.2,0,0.052,0,0.51,0,0,0.026,0,0,0,0.55,0.052,0.013,0,0,0.039,0,0.091,0.039,8.48,1.23,0,0.013,0.026,0.039,0.052,0.052,0.078,15.2,11.79,0,0.013,0,0,0,0,0,0.013,0.052,0.013,0,0,0,0,0.052,0.003,0,0.026,0.78,0.039,0.15,0.081,0,4.069,0
"R_CC024J_73",0.03,0,0.045,0.091,0,2.03,0.015,0.00758,0,0.061,0,0.038,0,2.62,0.083,0.015,0.03,0.19,0.03,0.00758,0.00758,0.00758,0.45,0.29,0.038,0.023,0.038,1.06216,0.038,0.023,0.038,0.00758,0.053,0,2.34,0.13216,0.03,0.00758,0.015,0.098,0.045,0.39,0.05316,4.63216,0.87216,0.045,0.015,0.015,0.13,0.17216,0.2,0.17,13.461,14.03,0,0.038,0.00758,0,0,0.16,0,0.023,0,0.06816,0.045,0.015,0.00758,0.00758,0.28,0.081,0.015,0.03,0.38216,0.067,0.38,0.076,0,3.52,0
"R_CC039_81",0,0,0.074,0.037,0,0.63,0.037,0.037,0,0.037,0,0.019,0.019,4.76,0.28,0,0,0.019,0,0,0,0,0.39,0.311,0,0,0.019,0.65,0.019,0.037,0.056,0,0.074,0,9.201,1.121,0,0,0.019,0,0.019,0.019,0.019,0.17,0.28,0.037,0.019,0,0.037,0.019,0.093,0.019,3.6,5.39,0.019,0.037,0,0.037,0.037,0.67,0.054,0,0.056,0.091,0.13,0.019,0,0.074,3.37,1.36,0.037,0,0.035,0.019,0.481,0,0.2,0,0
"C_CC059_89",0,0.00348,0.066,0.34,0,3.91,0.045,0.00348,0.00348,0.063,0.00695,0.35,0.00348,6.63071,0.056,0.00348,0.11,0.36,0.056,0.00348,0.038,0.01,0.58,0.141,0,0.00695,0.038,0.91,0.024,0.00348,0.021,0.00348,0.014,0.00348,2.98535,0.14535,0.00348,0.00695,0,0.028,0.035,0.20535,0.038,7.02535,2.626,0.014,0.017,0,0.024,0.056,0.13535,0.13,12.681,10.01,0.024,0.25,0.021,0.00695,0.017,0.78,0.028,0.028,0.00348,0.1,0.059,0.00935,0.014,0.00695,0.53071,0.138,0,0.024,0.727,0.00535,0.208,0.03571,0,3.93,0
"R_PWK_97",0.17,0,0.26,0.43,0,3.55,0.087,0.087,0,0.43,0.087,0.87,0,5.46,0,0,0.087,0.43,0,0,0,0.087,0.17,0.087,0,0,0.17,0.78,0,0,0.17,0,0.087,0,3.64,1.39,0.087,0,0,0.087,0.087,0.35,0.087,5.2,3.127,0,0,0,0,0,0.17,0.177,6.067,12.62,0,0.26,0,0.087,0,0.35,0.17,0,0.087,0.00399999999999999,0.087,0.087,0.17,0.087,1.73,0.26,0,0,0.267,0.17,0.177,0,0,2.71,0
"C_B6_105",0,0.022,0,0.3,0,5.14,0.011,0.011,0.022,0.067,0,0.47,0.011,16.889,0.23,0,0.045,0.29,0.022,0.011,0.078,0,1.02,0.275,0,0,0,1.04,0.011,0.011,0.056,0,0.022,0.011,6.519,0.809,0,0.011,0,0.011,0,0.022,0.011,3.77,0.72,0.011,0.011,0,0.033,0.033,0.011,0.056,12.489,10.91,0.022,0.21,0,0,0.033,0.769,0.022,0.022,0.022,0.189,0.14,0.011,0.011,0.022,0.76,0.09,0.011,0,0.149,0,0.13,0,0,2.91,0
"C_CC001_58",0.075,0,0.13,0.25,0,3.91,0.028,0.047,0.00936,0.21,0.00468,0.36,0.00936,7.0849,0.14,0,0.00468,0.0649,0.00468,0.019,0.023,0.00468,0.42,0.369,0.051,0.066,0.075,2.71,0.1,0.019,0.17,0.019,0.25,0.033,10.675,0.98,0.014,0.00468,0,0.066,0.0179,0.075,0.00936,3.03,0.495,0.014,0.00426,0.00936,0.14,0.2,0.17,0.19,13.859,14.34,0.00468,0.08,0.00468,0,0,0.13,0.012,0.00936,0.015,0.036,0.0559,0.028,0.014,0.0139,0.725,0.279,0.00468,0.0139,0.22,0.046,0,0.013,0,2.71,0
"R_CC009J_66",0,0,0.042,0,0,0.42,0,0,0,0.094,0.042,0.01,0,1.94,0.083,0,0.01,0.11,0.021,0.01,0,0,0.51,0.473,0.021,0.01,0,0.63,0,0.01,0.042,0,0.01,0.01,3.24,0.26,0.01,0.01,0,0.021,0.042,0.1,0.031,6.19,1.05,0,0,0,0.083,0.11,0.094,0.073,12.736,11.48,0,0.01,0,0,0.021,0.094,0,0,0.03284,0,0.031,0.01,0,0.01,0.15,0.08484,0,0,0.316,0.015,0.69,0,0,0,0
"R_CC024J_74",0.021,0,0.031,0.072,0,1.99,0.021,0.01,0.00513,0.046,0,0.1,0.015,2.27,0.04066,0.00513,0.015,0.26466,0.01,0.00513,0,0.031,0.93,0.614,0.015,0.00513,0.015,1.29,0.021,0.01,0.036,0.01,0.01,0,2.18466,0.09466,0,0,0.01,0.092,0.031,0.189,0.021,4.39,0.74,0.026,0,0,0.11,0.11,0.17,0.15466,22.489,19.27,0,0.046,0.01,0,0.00513,0.062,0,0.00966,0.02566,0.109,0.026,0,0.00513,0.00513,0.19,0.065,0.015,0.01,0.24,0.056,0.14,0.056,0,4.67,0
"R_CC039_82",0,0,0.044,0,0,0.57,0,0,0,0,0,0.088,0,4.81,0.31,0,0,0,0,0,0,0,0.264,0.26,0,0,0,0.4,0.088,0,0.088,0.044,0.088,0.044,6.62,0.787,0,0,0,0,0.044,0,0,0.26,0.18,0,0,0,0,0,0.044,0.088,4.11,9.34,0,0.044,0,0,0,0.71,0.127,0,0,0.13,0.044,0,0,0,2.294,1.09,0,0,0,0,0.4,0,0.42,3.26,0
"C_CC011J_90",0.012,0.012,0.11,0.83,0.012,3.22,0.024,0.012,0.012,0.29016,0.036,1.06,0,17.08,0.72,0.024,0.13,0.35,0.024,0.036,0.06,0,1.04016,0.75016,0.012,0.012,0.25,0.59,0.024,0,0.12,0.024,0.3,0.048,5.811,1.22,0.06,0.11,0.012,0.024,0.024,0.35,0.036,3.22,0.63016,0,0.16016,0,0.084,0.06,0.4,0.24016,14.19016,9.96,0.012,0.048,0,0.012,0.048,0.82,0.15016,0.012,0,0.2,0.024,0.012,0.012,0.048,1.03,0.471,0,0.024,0.2,0.024,0,0.024,0,2.78,0
"R_PWK_98",0.026,0.026,0.34,0.32,0,2.53,0,0.026,0.079,0.24,0,0.052,0.053,1.973,0,0.053,0,1.68,0.24,0.053,0.026,0,0.71,0.836,0.053,0.11,0.053,0.55,0,0.026,0.11,0.026,0.13,0,0.843,0.183,0.053,0.053,0.053,0.34,0.18,0.18,0.11,10,4.74,0,0.083,0.026,0.18,0.366,0.053,0.052,7.846,12.56,0,0.18,0.026,0,0,0.11,0,0.053,0.079,0.153,0,0,0,0.026,0.11,0,0,0.053,0.89,0,0.39,0.053,0,2.07,0
"C_B6_106",0.014,0,0.014,0.3,0.029,5.67,0.029,0,0.014,0.043,0,0.97,0,16.165,0.49,0.014,0.043,0.19,0.029,0,0.072,0,0.8,0.645,0,0,0,1.32,0.087,0,0.043,0,0.011,0,7.995,1.632,0,0.014,0.014,0.014,0,0.058,0.014,2.43,0.38,0.014,0,0.014,0,0.014,0.17,0.087,10.247,10.2,0,0.36,0,0,0,0.74,0.1,0.014,0.011,0.12,0.043,0,0,0.043,0.78,0.59,0,0.014,0.1,0.014,0.4,0,0,2.66,0
"C_CC001_59",0.046,0,0.092,0.082,0,3.90446,0.041,0.01,0,0.13,0,0.26,0,7.38446,0.17,0,0.026,0.077,0.026,0,0.021,0.01,0.48,0.423,0.015,0.031,0.01,3.26446,0.098,0.021,0.077,0.01,0.15,0.021,10.278,0.743,0,0,0.00513,0.046,0.036,0.18,0.056,4.15,0.752,0.01,0.01,0.01,0.031,0.077,0.17,0.227,12.772,12.77,0.00513,0.072,0,0,0.00513,0.179,0.004,0.00513,0,0.024,0.062,0.01,0.015,0.00513,0.683,0.26,0.01,0.015,0.293,0.036,0.07,0,0,3.05,0
"R_CC018J_67",0.016,0.00528,0.074,0,0,1.14543,0.1,0.00528,0.011,0.46,0.053,0.048,0.00528,6.577,0.67543,0,0.00528,0.1,0.074,0.011,0,0.021,0.72086,1.329,0,0.016,0.00528,0.63,0.063,0,0.49,0.18,0.037,0,5.146,1.123,0.00528,0.026,0,0.00528,0.016,0.17,0.058,1.16543,0.657,0.011,0.01143,0.00528,0.042,0.13543,0.11,0.23,7.80543,12.6,0,0.021,0.053,0.016,0.00528,0.27,0.128,0.011,0.08543,0.223,0.042,0.00071,0.063,0.12,0.60543,0.489,0.011,0.00528,0.25086,0.063,0.4,0.03886,0,3.26,0
"R_CC024J_75",0.054,0,0.072,0.045,0,2.22,0.00901,0.018,0.00901,0.14,0,0.13,0,2.13,0.018,0.036,0.09,0.51,0.036,0.018,0.018,0,0.57,0.398,0,0.045,0.063,0.89,0.045,0,0.09,0.018,0.00901,0.00901,2.159,0.14,0.054,0.036,0.018,0.14,0.054,1.74,0.29,6.85,0.869,0.018,0.00901,0,0.21,0.13,0.58,0.659,20.389,16.8,0.00901,0.036,0.00901,0,0,0.063,0,0.00901,0.058,0.07,0.027,0.00901,0.018,0.027,0.09,0.078,0.036,0.081,0.31,0.072,0.27,0.07,0,3.01,0
"R_CC039_83",0.028,0,0.057,0.028,0,2.22,0,0,0,0.085,0,0.2,0,8.52,0.17,0,0.028,0.057,0,0,0.028,0,0.2,0.25,0,0,0,1.28,0.11,0,0.028,0.028,0.11,0,9.59,1.62,0,0.028,0,0,0.028,0.085,0,0.4,0.57,0,0,0.028,0,0.028,0.14,0.26,4.97,8.93,0,0.028,0,0,0.028,0.62,0.2,0,0,0.025,0.085,0.028,0.028,0.057,2.43,0.6,0,0,0.057,0.085,0.08,0,0,1.33,0
"R_PWK_99",0.042,0,0.17,0.042,0,1.89,0.042,0.19,0.042,0.17,0.021,0.085,0.021,4.23,0.32,0,0.042,1.04,0.25,0,0,0.021,0.85,0.7,0,0,0,0.76,0.064,0,0.064,0,0.021,0.021,2.23,0.45,0.042,0.021,0,0.085,0.042,0.23,0.19,11.3,4.67,0.021,0.013,0,0.042,0.064,0.11,0.15,8.834,15.72,0,0.064,0.15,0,0.021,0.314,0.119,0.021,0.11,0.059,0.085,0.021,0.042,0.021,0.433,0.07,0.021,0,0.66,0.064,0.283,0.064,0,1.85,0
"C_B6_107",0.032,0,0.032,0.51,0,4.44,0.064,0,0,0.16,0,1.03,0.032,9.84,0.29,0.032,0.16,0.74,0.032,0,0.19,0,1.41,0.42,0,0,0.032,0.8,0,0,0.096,0,0.032,0.032,4.534,0.61,0,0,0,0,0,0.19,0,6.24,0.93,0,0,0,0.032,0.064,0,0.13,15.7,14.75,0,0.032,0,0,0,0.45,0,0,0.032,0.13,0.032,0,0,0.006,0.26,0.212,0,0,0.35,0.19,0.75,0.096,0,3.228,0
"R_CC009J_60",0,0,0.052,0.026,0,0.38,0,0,0,0.013,0,0.052,0.013,1.3,0.052,0,0,0.25,0.013,0,0,0,0.31,0.16,0,0.013,0,0.5,0.013,0,0,0,0,0.013,1.81,0.21,0.013,0.013,0,0.079,0.013,0.16,0.013,7.74,0.92,0,0.013,0,0.052,0.12,0.092,0.065,13.187,11.23,0,0,0,0,0,0.039,0.013,0.013,0.026,0.026,0.013,0,0,0,0.13,0.091,0,0.026,0.58,0.039,0.12,0.026,0,4.02,0
"R_CC018J_68",0.0097,0,0.063,0.029,0,1.09,0.034,0.039,0,0.39,0.068,0.087,0.0097,7.2,0.67,0,0,0.029,0.015,0.015,0.015,0.0097,0.81489,1.234,0.0097,0.048,0.01389,0.81,0.087,0.029,0.57,0.18,0.053,0.024,8.76,1.62,0.0097,0.015,0.00485,0.0097,0.024,0.0097,0.00485,0.52,0.245,0.00485,0.068,0.00485,0.082,0.14,0.024,0.053,6.434,11.49,0,0.015,0.0097,0.034,0.00485,0.32,0.12489,0.01389,0.06289,0.234,0.068,0.019,0.19,0.11489,0.925,0.68,0,0.0097,0.072,0.06789,0.468,0.003,0,2.41,0
"R_CC024J_76",0.037,0,0.073,0.13,0,2.53,0.055,0.055,0.018,0,0,0.13,0,2.99,0.037,0.018,0.18,0.31,0.018,0,0.11,0,0.33,0.11,0.037,0.018,0.055,0.95,0.018,0.037,0.018,0,0.018,0,1.93,0.2,0.073,0.037,0.018,0.055,0.018,3.981,0.51,4.701,1.08,0.092,0.037,0,0,0.037,1.17,1.251,8.35,10.23,0,0,0.018,0,0,0.073,0,0,0.017,0.055,0.037,0,0,0,0.17,0.111,0,0.18,0.66,0.017,0.06,0.38,1.55,2.08,0
"C_CC059_84",0.053,0,0.048,0.3,0,7.94,0.019,0.034,0,0.12,0.00479,0.56,0.00957,19.17,0.25,0,0.038,0.16,0.00957,0.00957,0.029,0.00479,0.78,0.26,0.014,0.019,0.014,1.58252,0.067,0.00479,0.062,0,0.067,0.00479,10.34,0.883,0.00479,0,0,0.00957,0,0.12,0.019,1.6,0.41252,0.034,0.00479,0,0.043,0.024,0.11,0.066,8.663,8.55,0.019,0.16,0,0,0.00957,0.88252,0.1,0.019,0.00957,0.215,0.081,0.019,0.024,0,1.42,0.61,0,0.00479,0.14252,0.014,0.032,0,0,0.76,0
"C_CC011J_92",0.019,0.012,0.14,0.96,0,5.36,0.031,0.025,0.012,0.24,0.031,1.01,0.012,14.99372,0.21372,0.025,0.21,0.48,0.012,0.012,0.068,0,1.33,0.395,0,0.019,0.2,0.85,0.012,0,0.068,0.025,0.29,0.012,6.817,0.82,0.00618,0,0.00618,0.093,0.00572,0.56,0.12,3.59,0.42,0,0.00618,0.025,0.19,0.10372,0.48,0.39,18.99372,10.6,0.00618,0.031,0.019,0.00618,0.00618,0.35,0.049,0.00618,0.03,0.16,0.037,0,0.00618,0.01272,0.721,0.226,0.019,0.031,0.17,0.031,0,0.01272,0,2.698,0
"R_PWK_100",0,0,0,0.022,0,0.13,0,0,0,0.022,0,0,0,0.19,0,0,0.043,2.19,0.19,0,0.022,0.022,1.33,0.54,0,0,0,0.065,0,0,0,0,0,0,0.043,0.022,0.043,0.022,0,0.043,0,0.043,0,7.18,2.22,0,0.022,0,0.022,0.043,0.065,0.043,7.08,9.41,0,0,0,0,0,0,0,0.086,0,0.09,0,0,0.022,0,0.022,0.025,0.022,0,0.9,0.043,0.24,0,0.09,3.35,0
